{
  "best_model": "random_forest",
  "threshold_default": 0.5,
  "dropped_columns_for_leakage_control": [
    "loan_percent_income"
  ],
  "models": {
    "logistic": {
      "accuracy": 0.8525601480567551,
      "precision": 0.7655172413793103,
      "recall": 0.4696755994358251,
      "f1": 0.5821678321678322,
      "roc_auc": 0.8528316211898566,
      "n_train": 25932,
      "n_test": 6484,
      "target_rate_train": 0.2186873361098257
    },
    "random_forest": {
      "accuracy": 0.919802590993214,
      "precision": 0.9428007889546351,
      "recall": 0.6741889985895627,
      "f1": 0.7861842105263158,
      "roc_auc": 0.9192058341875954,
      "n_train": 25932,
      "n_test": 6484,
      "target_rate_train": 0.2186873361098257
    }
  }
}